<ImportExportXml xmlns:xsi="http://www.w3.org/2001/XMLSchema-instance">
  <Entities></Entities>
  <Roles></Roles>
  <Workflows></Workflows>
  <FieldSecurityProfiles></FieldSecurityProfiles>
  <Templates />
  <EntityMaps />
  <EntityRelationships />
  <OrganizationSettings />
  <optionsets />
  <CustomControls />
  <EntityDataProviders />
  <Connectors>
    <Connector>
      <connectorid>0ee1f4a0-9e89-4b55-89b6-4ac5017726ca</connectorid>
      <description>ItAintBoring API</description>
      <displayname>ItAintBoring API</displayname>
      <iconbrandcolor>#007ee5</iconbrandcolor>
      <name>ita_5Fitaintboring-20api</name>
      <connectortype>1</connectortype>
      <openapidefinition>/Connector/ita_5Fitaintboring-20api_openapidefinition.json</openapidefinition>
      <connectionparameters>/Connector/ita_5Fitaintboring-20api_connectionparameters.json</connectionparameters>
      <policytemplateinstances>/Connector/ita_5Fitaintboring-20api_policytemplateinstances.json</policytemplateinstances>
      <iconblob>/Connector/ita_5Fitaintboring-20api_iconblob.Jpeg</iconblob>
    </Connector>
  </Connectors>
  <Languages>
    <Language>1033</Language>
    <Language>1036</Language>
  </Languages>
</ImportExportXml>